{"cameraMode":{"drawMode":0,"name":"Shaded","section":"Shading Mode"},"sceneLighting":true,"audioPlay":false,"sceneViewState":{"m_AlwaysRefresh":false,"showFog":true,"showSkybox":true,"showFlares":true,"showImageEffects":true,"showParticleSystems":true,"showVisualEffectGraphs":true,"m_FxEnabled":true},"in2DMode":false,"pivot":{"x":-12.185770034790039,"y":3.659810781478882,"z":10.526826858520508},"rotation":{"x":0.01532641239464283,"y":-0.8480421304702759,"z":0.0243966206908226,"w":0.5293010473251343},"size":0.4552198350429535,"orthographic":false}